Time (s),Acceleration x (m/s^2),Acceleration y (m/s^2),Acceleration z (m/s^2),Absolute acceleration (m/s^2),Activity
4.963227042,-1.584904175,-9.425150299,-2.088457031,9.782997096,
4.973152042,-1.510508881,-9.443412323,-2.061363373,9.783092166,
4.983077042,-1.406325531,-9.50583252,-2.050136719,9.825561763,
4.993002042,-1.341061249,-9.578431549,-2.106719055,9.898639371,
5.002927042,-1.305585022,-9.557475128,-2.217039642,9.897734481,
5.012852042,-1.336570587,-9.506281586,-2.279609528,9.866733508,
5.022777042,-1.382824402,-9.433682556,-2.300565948,9.808117739,
5.032701042,-1.399290161,-9.370513916,-2.259850616,9.740198602,
5.042626042,-1.367556152,-9.355844421,-2.162103882,9.699315845,
5.052551042,-1.311123505,-9.385782166,-2.085612946,9.703696876,
5.062476042,-1.234632568,-9.45074707,-2.031425629,9.745133547,
5.072401042,-1.200653229,-9.51631073,-2.038460999,9.805970698,
5.082326042,-1.223705292,-9.53038147,-2.113604736,9.838340845,
5.092251042,-1.310225372,-9.527238007,-2.209704895,9.867509832,
5.102176042,-1.417701874,-9.530531158,-2.23724762,9.891722786,
5.112101042,-1.486558685,-9.554631042,-2.154320068,9.906660691,
5.122026042,-1.494791565,-9.618398438,-2.008223877,9.938860773,
5.131950542,-1.482367401,-9.674980774,-1.941762085,9.978632476,
5.141875542,-1.458566895,-9.687554626,-1.989662476,9.99674391,
5.151800542,-1.445244598,-9.64848587,-2.100581818,9.979702176,
5.161725542,-1.474882965,-9.586365051,-2.238295441,9.954076609,
5.171649542,-1.555415497,-9.521250458,-2.338437195,9.926823065,
5.181574542,-1.607956238,-9.48472641,-2.362686768,9.905950085,
5.191499542,-1.585802307,-9.50583252,-2.385888519,9.928146094,
5.201424542,-1.523082733,-9.549391937,-2.394869843,9.962232127,
5.211349542,-1.476529541,-9.572144623,-2.452050934,9.990928182,
5.221274542,-1.440454559,-9.480684814,-2.540816345,9.920385153,
5.231199542,-1.505269775,-9.338330841,-2.659968567,9.825766778,
5.241124542,-1.580263824,-9.18983963,-2.748135223,9.721246494,
5.251049542,-1.677561493,-9.059909821,-2.792293396,9.627724598,
5.260974542,-1.76677597,-9.002429352,-2.82687149,9.599814268,
5.270899542,-1.821112976,-9.01784729,-2.83974472,9.628196731,
5.280824542,-1.82769928,-9.088949432,-2.801125031,9.684822553,
5.290749542,-1.782493286,-9.184450836,-2.753374329,9.752563236,
5.300673542,-1.705702972,-9.305549011,-2.672692108,9.83086711,
5.310598542,-1.640588379,-9.386231232,-2.585573273,9.873097595,
5.320523542,-1.59837616,-9.434281311,-2.502046967,9.890435239,
5.330448542,-1.574425964,-9.446855164,-2.451601868,9.885961831,
5.340373542,-1.581760712,-9.465715942,-2.418670349,9.897055699,
5.350298542,-1.614841919,-9.458381195,-2.420765991,9.895898001,
5.360223542,-1.631906433,-9.427994385,-2.443069611,9.875160042,
5.370148542,-1.653910675,-9.389823761,-2.494263153,9.855230056,
5.380073542,-1.683099976,-9.318871307,-2.548749847,9.806646407,
5.389998542,-1.712738342,-9.254954224,-2.573298798,9.757536421,
5.399923542,-1.742676086,-9.215286713,-2.596350861,9.731365111,
5.409848542,-1.761237488,-9.191186829,-2.595003662,9.711535245,
5.419773542,-1.725312195,-9.183403015,-2.562371521,9.689031991,
5.429698542,-1.690584412,-9.181307373,-2.529889069,9.672374033,
5.439622542,-1.694775696,-9.219328308,-2.514022064,9.705080425,
5.449547542,-1.690135345,-9.285191345,-2.469863892,9.755591394,
5.459472542,-1.665586395,-9.349407806,-2.411784668,9.798076835,
5.469397542,-1.630409546,-9.380692749,-2.326462097,9.801431407,
5.479322542,-1.604363708,-9.36183197,-2.239043884,9.758647358,
5.489247542,-1.615290985,-9.33848053,-2.204615479,9.730195937,
5.499172542,-1.646875305,-9.318272552,-2.192640381,9.713396598,
5.509097542,-1.72471344,-9.304201813,-2.255210266,9.727732581,
5.519022542,-1.804198151,-9.304052124,-2.312840424,9.755498333,
5.528947542,-1.89550827,-9.292226715,-2.369273071,9.775064389,
5.538872542,-1.983076172,-9.261091461,-2.398312683,9.769969799,
5.548797542,-2.055675201,-9.246272278,-2.419418793,9.776141307,
5.558722542,-2.082170105,-9.241182861,-2.384241943,9.768290673,
5.568647542,-2.095342712,-9.294621735,-2.351011047,9.813649027,
5.578571542,-2.076781311,-9.403744812,-2.303559723,9.902011134,
5.588496542,-2.044598236,-9.529034271,-2.217488708,9.995005366,
5.598421542,-2.005978546,-9.63561264,-2.160307617,10.07650286,
5.608346542,-1.995949402,-9.668993225,-2.09908493,10.09353266,
5.618271542,-2.012265472,-9.617350616,-2.08740921,10.04489534,
5.628196542,-2.030976563,-9.510173492,-2.12483139,9.954053149,
5.638121542,-2.039808197,-9.405840454,-2.15881073,9.8636259,
5.648046542,-2.018552399,-9.361382904,-2.161654816,9.817473973,
5.657971542,-1.936223602,-9.339378662,-2.160606995,9.779630781,
5.667896542,-1.828597412,-9.326206055,-2.191293182,9.753135582,
5.677821542,-1.782942352,-9.310638428,-2.264341278,9.746492332,
5.687746542,-1.763782196,-9.306297455,-2.306703186,9.748793748,
5.697671542,-1.768572235,-9.314979401,-2.311193848,9.759011527,
5.707595542,-1.789678345,-9.341324615,-2.252665558,9.774343777,
5.717520542,-1.781894531,-9.3747052,-2.174827423,9.787242719,
5.727445542,-1.767524414,-9.394913177,-2.119143219,9.7917978,
5.737370542,-1.760788422,-9.414672089,-2.074685669,9.800038114,
5.747295542,-1.781445465,-9.459129639,-2.061213684,9.843641771,
5.757220542,-1.779349823,-9.462273102,-2.065404968,9.847161811,
5.767145542,-1.780547333,-9.448801117,-2.071841583,9.83578766,
5.777070542,-1.798210602,-9.446855164,-2.071392517,9.837037197,
5.786995542,-1.813029785,-9.478289795,-2.041903839,9.863793678,
5.796920542,-1.768572235,-9.501341858,-2.031575317,9.875760382,
5.806845542,-1.728455658,-9.467362518,-2.041903839,9.838083314,
5.816770542,-1.737287292,-9.419462128,-2.067201233,9.798864978,
5.826695542,-1.790127411,-9.350305939,-2.114203491,9.752057921,
5.836620542,-1.838027802,-9.293873291,-2.149230652,9.714608553,
5.846544542,-1.896107025,-9.269773407,-2.169588318,9.707267089,
5.856469542,-1.90493866,-9.324559479,-2.145488434,9.755989001,
5.866394542,-1.845512238,-9.407636719,-2.088906097,9.81188426,
5.876319542,-1.765129395,-9.490414581,-2.070494385,9.872719874,
5.886244542,-1.661245422,-9.508526917,-2.085313568,9.875239397,
5.896169542,-1.625619507,-9.487869873,-2.13306427,9.859628628,
5.906094542,-1.654359741,-9.458680573,-2.177222443,9.846006393,
5.916019542,-1.688788147,-9.434730377,-2.123933258,9.817190799,
5.925944542,-1.668131104,-9.452992401,-2.044747925,9.81441393,
5.935869542,-1.627864838,-9.510622559,-1.961970062,9.84638065,
5.945794542,-1.562450867,-9.55957077,-1.923050995,9.875463085,
5.955719542,-1.505120087,-9.606573029,-1.923500061,9.912188674,
5.965644542,-1.475332031,-9.630672913,-1.951192474,9.936479126,
5.975569542,-1.450783081,-9.604178009,-1.992057495,9.915306341,
5.985493542,-1.441203003,-9.551786957,-2.04878952,9.874777904,
5.995418542,-1.476080475,-9.499096527,-2.092498627,9.838200999,
6.005343542,-1.523382111,-9.425599365,-2.105371857,9.777280149,
6.015268542,-1.533411255,-9.369466095,-2.072889404,9.717773174,
6.025193542,-1.540596313,-9.354946289,-2.067051544,9.703667305,
6.035118542,-1.533560944,-9.395062866,-2.073637848,9.7426377,
6.045043542,-1.514700165,-9.429491272,-2.052980804,9.768538909,
6.054968542,-1.504671021,-9.452094269,-2.08396637,9.79535792,
6.064893542,-1.517095184,-9.430539093,-2.123184814,9.784914876,
6.074818542,-1.536704407,-9.436676331,-2.130220184,9.795415184,
6.084743542,-1.533111877,-9.469158783,-2.056573334,9.810448204,
6.094668542,-1.462758179,-9.480385437,-2.00552948,9.799975409,
6.104593542,-1.387315063,-9.450597382,-2.029629364,9.765133348,
6.114518542,-1.402733002,-9.405990143,-2.108215942,9.740887275,
6.124442542,-1.453926544,-9.373956757,-2.13545929,9.723433244,
6.134367958,-1.509610748,-9.390721893,-2.089504852,9.738101089,
6.144292958,-1.546583862,-9.457033997,-2.015558624,9.792338343,
6.154217958,-1.552571411,-9.552385712,-1.960323486,9.87428068,
6.164142958,-1.555864563,-9.620793457,-1.927541656,9.93457589,
6.174067958,-1.591041412,-9.582024078,-1.963616638,9.909711828,
6.183992958,-1.653611298,-9.519903259,-1.993704071,9.86599434,
6.193917958,-1.677262115,-9.495653687,-1.987866211,9.845418184,
6.203842958,-1.665287018,-9.548344116,-1.936223602,9.883977846,
6.213767958,-1.5925383,-9.62049408,-1.898202667,9.934448044,
6.223692958,-1.495689697,-9.62049408,-1.920805664,9.923733592,
6.233617958,-1.458716583,-9.583820343,-2.021695862,9.902763281,
6.243542958,-1.4837146,-9.511221313,-2.126927032,9.858425761,
6.253466958,-1.540446625,-9.442214813,-2.177671509,9.811760779,
6.263391958,-1.587149506,-9.392218781,-2.170037384,9.769435983,
6.273316958,-1.603166199,-9.383087769,-2.1260289,9.753587895,
6.283241958,-1.624721375,-9.418114929,-2.075583801,9.780013112,
6.293166958,-1.566193085,-9.468410339,-2.082170105,9.820345589,
6.303091958,-1.526375885,-9.452243958,-2.122286682,9.807081112,
6.313016958,-1.549128571,-9.390572205,-2.224524078,9.774003941,
6.322941958,-1.614392853,-9.317075043,-2.309996338,9.733973224,
6.332866958,-1.678908691,-9.283395081,-2.294728088,9.709064611,
6.342791958,-1.700763245,-9.307794342,-2.215542755,9.717832105,
6.352716958,-1.707798615,-9.358688507,-2.131417694,9.74908037,
6.362641958,-1.683399353,-9.44610672,-2.074985046,9.816737161,
6.372566958,-1.597777405,-9.509125671,-2.052980804,9.858554349,
6.382491958,-1.517095184,-9.524094543,-2.071542206,9.864139181,
6.392415958,-1.533560944,-9.492061157,-2.13545929,9.849427423,
6.402340958,-1.588047638,-9.449250183,-2.179617462,9.826543472,
6.412265958,-1.619931335,-9.427695007,-2.151026917,9.804719653,
6.422190958,-1.608105927,-9.450896759,-2.103874969,9.814873617,
6.432115958,-1.585203552,-9.48592392,-2.070344696,9.837781766,
6.442040958,-1.538800049,-9.505682831,-2.07812851,9.851118199,
6.451965958,-1.493594055,-9.487271118,-2.101330261,9.83131351,
6.461890958,-1.499431915,-9.426497498,-2.13545929,9.780968128,
6.471815958,-1.561702423,-9.376651154,-2.133812714,9.742364087,
6.481740958,-1.602268066,-9.383087769,-2.13306427,9.754976279,
6.491665958,-1.630259857,-9.415570221,-2.119143219,9.787822933,
6.501590958,-1.630409546,-9.494007111,-2.08740921,9.856555357,
6.511515958,-1.580263824,-9.560169525,-2.054028625,9.905206141,
6.521439958,-1.520687714,-9.597741394,-2.041903839,9.929677854,
6.531364958,-1.493444366,-9.584419098,-2.02543808,9.909281757,
6.541289958,-1.506018219,-9.548194427,-2.04878952,9.88097395,
6.551214958,-1.512454834,-9.485774231,-2.062560883,9.824540182,
6.561139958,-1.532513123,-9.422306213,-2.090552673,9.772351883,
6.571064958,-1.54688324,-9.375303955,-2.123633881,9.736477436,
6.580989958,-1.573078766,-9.3547966,-2.121538239,9.72047945,
6.590914958,-1.593885498,-9.361532593,-2.124082947,9.730903958,
6.600839958,-1.595681763,-9.404792633,-2.109114075,9.769579671,
6.610764958,-1.591939545,-9.483977966,-2.082170105,9.839488906,
6.620689958,-1.584904175,-9.565558319,-2.040257263,9.908303432,
6.630614958,-1.534159698,-9.601633301,-2.010469208,9.929098371,
6.640539958,-1.526824951,-9.574090576,-2.035317535,9.906408141,
6.650463958,-1.586550751,-9.560618591,-2.08980423,9.914123907,
6.660388958,-1.634301453,-9.544751587,-2.114802246,9.911892485,
6.670313958,-1.662891998,-9.544601898,-2.090552673,9.911359426,
6.680238958,-1.662592621,-9.549691315,-2.0570224,9.909195708,
6.690163958,-1.642384644,-9.51870575,-2.077529755,9.8802488,
6.700088958,-1.614243164,-9.433981934,-2.141446838,9.807731169,
6.710013958,-1.596130829,-9.343869324,-2.195484467,9.730142836,
6.719938958,-1.611997833,-9.291927338,-2.199675751,9.683853782,
6.729863958,-1.611548767,-9.283993835,-2.14354248,9.663560696,
6.739788958,-1.589394836,-9.369765472,-2.049088898,9.722008345,
6.749713958,-1.538949738,-9.531578979,-1.994602203,9.858894567,
6.759638958,-1.426683197,-9.648934937,-2.016606445,9.960124091,
6.769563958,-1.347647552,-9.67078949,-2.11555069,9.990789659,
6.779487958,-1.361568604,-9.641151123,-2.183209991,9.978580556,
6.789412958,-1.364712067,-9.577683105,-2.17168396,9.915173418,
6.799337958,-1.365909576,-9.543105011,-2.1260289,9.87200897,
6.809262958,-1.348845062,-9.511520691,-2.127525787,9.839449925,
6.819187958,-1.323098602,-9.485025787,-2.14129715,9.813330606,
6.829112958,-1.308429108,-9.392967224,-2.190694427,9.73339417,
6.839037958,-1.334474945,-9.31153656,-2.245031433,9.670868763,
6.848962958,-1.405876465,-9.252559204,-2.267335052,9.629493689,
6.858887958,-1.480271759,-9.232500916,-2.248773651,9.617029717,
6.868812958,-1.530716858,-9.262139282,-2.17752182,9.637007806,
6.878737958,-1.533560944,-9.324858856,-2.14473999,9.690444339,
6.888662958,-1.510658569,-9.374854889,-2.138752441,9.733666088,
6.898587958,-1.527872772,-9.42155777,-2.157164154,9.785371899,
6.908511958,-1.560953979,-9.45897995,-2.156116333,9.826378614,
6.918436958,-1.596579895,-9.47769104,-2.132914581,9.845050504,
6.928361958,-1.607357483,-9.485325165,-2.118544464,9.851051832,
6.938286958,-1.611848145,-9.475595398,-2.131567383,9.845229408,
6.948211958,-1.657353516,-9.474846954,-2.147284698,9.855474472,
6.958136958,-1.695823517,-9.467961273,-2.141446838,9.854131247,
6.968061958,-1.695075073,-9.478439484,-2.107168121,9.856685652,
6.977986958,-1.67202301,-9.444759521,-2.129920807,9.825258572,
6.987911958,-1.668430481,-9.407786407,-2.159559174,9.795601114,
6.997836958,-1.673370209,-9.369765472,-2.171234894,9.762527021,
7.007761958,-1.684147797,-9.352850647,-2.146685944,9.742711613,
7.017686958,-1.66034729,-9.356592865,-2.104174347,9.732940606,
7.027611958,-1.612147522,-9.399403839,-2.051483917,9.754814115,
7.037535958,-1.545086975,-9.468260651,-2.040856018,9.808177547,
7.047460958,-1.476230164,-9.525591431,-2.074985046,9.860107025,
7.057385958,-1.41111557,-9.558972015,-2.112706604,9.890840325,
7.067310958,-1.388063507,-9.552685089,-2.143392792,9.888106258,
7.077235958,-1.41351059,-9.560019836,-2.162403259,9.902927815,
7.087160958,-1.438209229,-9.553583221,-2.155517578,9.898770337,
7.097085958,-1.435814209,-9.537865906,-2.136058044,9.87902791,
7.107010958,-1.425785065,-9.491911469,-2.138752441,9.833794201,
7.116935958,-1.490151215,-9.44850174,-2.154918823,9.805019679,
7.126860667,-1.591939545,-9.431886292,-2.154918823,9.805020432,
7.136785667,-1.631457367,-9.425299988,-2.124532013,9.798549345,
7.146710667,-1.632205811,-9.438921661,-2.090253296,9.804412108,
7.156634667,-1.604663086,-9.418713684,-2.121538239,9.78713623,
7.166559667,-1.603166199,-9.395362244,-2.15177536,9.771034272,
7.176484667,-1.591789856,-9.379495239,-2.169588318,9.757860388,
7.186409667,-1.590891724,-9.364676056,-2.142794037,9.737538724,
7.196334667,-1.588796082,-9.40164917,-2.090552673,9.761438961,
7.206259667,-1.563348999,-9.436376953,-2.045646057,9.781305531,
7.216184667,-1.513802032,-9.431137848,-2.047292633,9.768795464,
7.226109667,-1.497186584,-9.423354034,-2.084116058,9.766509544,
7.236034667,-1.52817215,-9.413773956,-2.10971283,9.767565635,
7.245959667,-1.540746002,-9.431437225,-2.104773102,9.78549826,
7.255884667,-1.550475769,-9.444759521,-2.089953918,9.796701736,
7.265809667,-1.574276276,-9.468410339,-2.099384308,9.825301757,
7.275734667,-1.566492462,-9.476343842,-2.082170105,9.828042714,
7.285658667,-1.549877014,-9.498497772,-2.067799988,9.84374804,
7.295583667,-1.519041138,-9.505383453,-2.06989563,9.846028057,
7.305508667,-1.508862305,-9.499395905,-2.061513062,9.836921475,
7.315433667,-1.520687714,-9.482181702,-2.047292633,9.819148032,
7.325358667,-1.536704407,-9.482181702,-2.026186523,9.817263472,
7.335283667,-1.537602539,-9.507030029,-2.035167847,9.8432591,
7.345208667,-1.485361176,-9.494156799,-2.057920532,9.82753011,
7.355133667,-1.501527557,-9.46481781,-2.117346954,9.814301774,
7.365058667,-1.55975647,-9.423803101,-2.149679718,9.790915586,
7.374983667,-1.586999817,-9.399703217,-2.106419678,9.76268369,
7.384908667,-1.589694214,-9.392368469,-2.066602478,9.747541175,
7.394833667,-1.554667053,-9.395960999,-2.058968353,9.743737651,
7.404757667,-1.518592072,-9.405990143,-2.047292633,9.745264469,
7.414682667,-1.517843628,-9.447154541,-2.045795746,9.784572471,
7.424607667,-1.511856079,-9.507479095,-2.056723022,9.844184941,
7.434532667,-1.484313354,-9.533375244,-2.055375824,9.864735144,
7.444457667,-1.462907867,-9.528585205,-2.049088898,9.855597432,
7.454382667,-1.458267517,-9.515711975,-2.046544189,9.841933838,
7.464307667,-1.453926544,-9.490264893,-2.045196991,9.816407737,
7.474232667,-1.457519073,-9.460327148,-2.047292633,9.788440056,
7.484157667,-1.447190552,-9.427245941,-2.055076447,9.756570388,
7.494082667,-1.455423431,-9.390272827,-2.06286026,9.72372735,
7.504007667,-1.476230164,-9.358089752,-2.082319794,9.699956445,
7.513932667,-1.514700165,-9.380093994,-2.065105591,9.723432574,
7.523857667,-1.555415497,-9.45194458,-2.039059753,9.793688702,
7.533781667,-1.536105652,-9.523196411,-2.009870453,9.853449634,
7.543706667,-1.541644135,-9.571396179,-2.018552399,9.902668592,
7.553631667,-1.549427948,-9.569300537,-2.059567108,9.910300521,
7.563556667,-1.556912384,-9.555828552,-2.066752167,9.899964647,
7.573481667,-1.580712891,-9.534273376,-2.035167847,9.876382446,
7.583406667,-1.602417755,-9.500294037,-2.028731232,9.845764564,
7.593331667,-1.61124939,-9.479038239,-2.032772827,9.827535596,
7.603256667,-1.605261841,-9.461374969,-2.045945435,9.812256347,
7.613181667,-1.606010284,-9.429191895,-2.055076447,9.783264691,
7.623106667,-1.609303436,-9.414672089,-2.071991272,9.77338508,
7.633031667,-1.598226471,-9.398206329,-2.08157135,9.757743046,
7.642956667,-1.577569427,-9.407786407,-2.094594269,9.766396241,
7.652880667,-1.554667053,-9.430539093,-2.083666992,9.782316973,
7.662805667,-1.528022461,-9.460626526,-2.070943451,9.804443568,
7.672730667,-1.518292694,-9.511969757,-2.050286407,9.848170171,
7.682655667,-1.517693939,-9.632020111,-1.979034576,9.949662515,
7.692580667,-1.43805954,-9.713450775,-1.913171539,10.00396754,
7.702505667,-1.378034363,-9.667346649,-1.949845276,9.95783443,
7.712430667,-1.444196777,-9.547745361,-2.077978821,9.877405621,
7.722355667,-1.53401001,-9.436826019,-2.148482208,9.79912485,
7.732280667,-1.602717133,-9.388326874,-2.137554932,9.761071907,
7.742205667,-1.638492737,-9.37126236,-2.128274231,9.748577735,
7.752130667,-1.639839935,-9.383836212,-2.122436371,9.759620547,
7.762055667,-1.64627655,-9.40988205,-2.133513336,9.788155384,
7.771980667,-1.644779663,-9.433682556,-2.13186676,9.810429277,
7.781904667,-1.63340332,-9.433083801,-2.133812714,9.808375661,
7.791829667,-1.617985382,-9.442364502,-2.13890213,9.815855867,
7.801754667,-1.619332581,-9.454489288,-2.126328278,9.825012858,
7.811679667,-1.614392853,-9.47185318,-2.124981079,9.840620485,
7.821604667,-1.598825226,-9.490713959,-2.136357422,9.858697509,
7.831529667,-1.589544525,-9.487570496,-2.134411469,9.853748425,
7.841454667,-1.590742035,-9.476643219,-2.126178589,9.841639209,
7.851379667,-1.594633942,-9.492360535,-2.132615204,9.858793716,
7.861304667,-1.575324097,-9.520801392,-2.109862518,9.878199481,
7.871229667,-1.554367676,-9.502838745,-2.142943726,9.864695175,
7.881154667,-1.580712891,-9.449399872,-2.220482483,9.834650662,
7.891079667,-1.635498962,-9.397757263,-2.255809021,9.802110628,
7.901004667,-1.695524139,-9.368717651,-2.245630188,9.78215352,
7.910928667,-1.705253906,-9.352850647,-2.207010498,9.759846384,
7.920853667,-1.67905838,-9.354497223,-2.194436646,9.754045701,
7.930778667,-1.673819275,-9.365125122,-2.202220459,9.765091626,
7.940703667,-1.660197601,-9.391620026,-2.206112366,9.789060964,
7.950628667,-1.613345032,-9.424551544,-2.189796295,9.80919272,
7.960553667,-1.591041412,-9.420959015,-2.206711121,9.805888818,
7.970478667,-1.603465576,-9.396410065,-2.251168671,9.794456817,
7.980403667,-1.629661102,-9.385333099,-2.275418243,9.793763366,
7.990328667,-1.643582153,-9.402996368,-2.267933807,9.811280587,
8.000253667,-1.652563477,-9.429341583,-2.26763443,9.837968014,
8.010178667,-1.662592621,-9.45194458,-2.269430695,9.86173343,
8.020102667,-1.655856628,-9.497000885,-2.26179657,9.902050833,
8.030027667,-1.638343048,-9.516460419,-2.259850616,9.917364148,
8.039952667,-1.619631958,-9.5034375,-2.249671783,9.899472467,
8.049877667,-1.618135071,-9.452842712,-2.230361938,9.846273957,
8.059802667,-1.638642426,-9.372459869,-2.216590576,9.769412817,
8.069727667,-1.68489624,-9.316625977,-2.206411743,9.721452963,
8.079652667,-1.736987915,-9.348359985,-2.187700653,9.756792279,
8.089577667,-1.741179199,-9.379944305,-2.170037384,9.783870524,
8.099502667,-1.722168732,-9.407337341,-2.178270264,9.808604505,
8.109427667,-1.707349548,-9.432485046,-2.203867035,9.835844983,
8.119352667,-1.695973206,-9.450597382,-2.187700653,9.847646934,
8.129277667,-1.683998108,-9.490414581,-2.155517578,9.876744129,
8.139201667,-1.62996048,-9.509425049,-2.157313843,9.886351144,
8.149126667,-1.587299194,-9.479038239,-2.18335968,9.855898952,
8.159051667,-1.574575653,-9.43323349,-2.230661316,9.820439525,
8.168976667,-1.59014328,-9.389374695,-2.243684235,9.783814785,
8.178901667,-1.598675537,-9.396260376,-2.216889954,9.785707618,
8.188826667,-1.612596588,-9.391021271,-2.206411743,9.780593082,
8.198751667,-1.62996048,-9.417815552,-2.200124817,9.807781102,
8.208676667,-1.662143555,-9.43907135,-2.195783844,9.832611852,
8.218601667,-1.657952271,-9.45897995,-2.161505127,9.843434961,
8.228526667,-1.635199585,-9.462572479,-2.141596527,9.83872915,
8.238451667,-1.60541153,-9.464069366,-2.158960419,9.839058148,
8.248376667,-1.610351257,-9.452393646,-2.175276489,9.832232942,
8.258300667,-1.605860596,-9.441017303,-2.187550964,9.823287393,
8.268225667,-1.641935577,-9.438472595,-2.199825439,9.829544717,
8.278150667,-1.663790131,-9.447154541,-2.174078979,9.835829702,
8.288075667,-1.632355499,-9.431137848,-2.160606995,9.81219487,
8.298000667,-1.619182892,-9.393865356,-2.192490692,9.781281869,
8.307925667,-1.636546783,-9.346264343,-2.238145752,9.748858341,
8.317850667,-1.65570694,-9.337881775,-2.263443146,9.749901353,
8.327775667,-1.674567719,-9.363927612,-2.255359955,9.776193835,
8.337700667,-1.665137329,-9.398954773,-2.201022949,9.795791707,
8.347625667,-1.639690247,-9.437424774,-2.154020691,9.818012814,
8.357550667,-1.623673553,-9.482032013,-2.133513336,9.853787397,
8.367475667,-1.573228455,-9.48816925,-2.148182831,9.85469903,
8.377399667,-1.547032928,-9.460027771,-2.198178864,9.834501849,
8.387324667,-1.568288727,-9.439969482,-2.222578125,9.824072826,
8.397249667,-1.582359467,-9.428742828,-2.231709137,9.817615723,
8.407174667,-1.597028961,-9.434580688,-2.224673767,9.824000592,
8.417099667,-1.606908417,-9.444310455,-2.220332794,9.833973376,
8.427024667,-1.618584137,-9.422306213,-2.22437439,9.815676768,
8.436949667,-1.641187134,-9.395511932,-2.223326569,9.793483584,
8.446874667,-1.646875305,-9.372908936,-2.208956451,9.769498902,
8.456799667,-1.656455383,-9.383087769,-2.177222443,9.773764785,
8.466724667,-1.630559235,-9.394464111,-2.174528046,9.779736785,
8.476649667,-1.617985382,-9.424102478,-2.193688202,9.810395106,
8.486574667,-1.629511414,-9.439370728,-2.197280731,9.827770337,
8.496498667,-1.629062347,-9.456884308,-2.204316101,9.846091327,
8.506423667,-1.642684021,-9.458530884,-2.202819214,9.849600487,
8.516348667,-1.631457367,-9.457932129,-2.199975128,9.84652344,
8.526273667,-1.619482269,-9.433981934,-2.199376373,9.821404908,
8.536198667,-1.61708725,-9.401349792,-2.189347229,9.787420006,
8.546123667,-1.623074799,-9.383985901,-2.178270264,9.76925916,
8.556048667,-1.636247406,-9.390272827,-2.180814972,9.778061325,
8.565973667,-1.623224487,-9.402247925,-2.196981354,9.791008673,
8.575898667,-1.616638184,-9.40988205,-2.208657074,9.799875778,
8.585823667,-1.606459351,-9.404493256,-2.224823456,9.796685381,
8.595748667,-1.614841919,-9.400152283,-2.210153961,9.790574952,
8.605673667,-1.598525848,-9.42619812,-2.178569641,9.805848335,
8.615597667,-1.554367676,-9.442214813,-2.159858551,9.810018777,
8.625522667,-1.537153473,-9.457632751,-2.197879486,9.830581483,
8.635447667,-1.55152359,-9.456135864,-2.212698669,9.834722484,
8.645372667,-1.590442657,-9.457483063,-2.192939758,9.837808623,
8.655297667,-1.604513397,-9.459578705,-2.175276489,9.838186841,
8.665222667,-1.609752502,-9.459429016,-2.144590302,9.832159884,
8.675147667,-1.596130829,-9.468859406,-2.141446838,9.838329463,
8.685072667,-1.599124603,-9.466314697,-2.138303375,9.83568273,
8.694997667,-1.601519623,-9.467512207,-2.128723297,9.835146942,
8.704922667,-1.607058105,-9.455537109,-2.142644348,9.827550182,
8.714847667,-1.613644409,-9.454938354,-2.15297287,9.830310257,
8.724772667,-1.619631958,-9.468709717,-2.162403259,9.846606483,
8.734696667,-1.614542542,-9.470955048,-2.169438629,9.849477199,
8.744621667,-1.60421402,-9.458231506,-2.175875244,9.83697509,
8.754546667,-1.604812775,-9.427695007,-2.170187073,9.806455482,
8.764471667,-1.60885437,-9.399703217,-2.171234894,9.780444464,
8.774396667,-1.610500946,-9.391170959,-2.183209991,9.775183433,
8.784321667,-1.595232697,-9.406139832,-2.17632431,9.785531227,
8.794246667,-1.561552734,-9.434131622,-2.17871933,9.807553432,
8.804171667,-1.522184601,-9.429940338,-2.199825439,9.802043292,
8.814096667,-1.524429932,-9.428293762,-2.217788086,9.804855628,
8.824021667,-1.55736145,-9.438173218,-2.224973145,9.821150333,
8.833946667,-1.582509155,-9.482032013,-2.212698669,9.86454772,
8.843870667,-1.600022736,-9.510173492,-2.201322327,9.891880135,
8.853795667,-1.628613281,-9.498946838,-2.184706879,9.882070451,
8.863720667,-1.655257874,-9.466913452,-2.20087326,9.859319046,
8.873645667,-1.684297485,-9.434431,-2.207160187,9.834475197,
8.883570667,-1.680854645,-9.391170959,-2.196681976,9.790034527,
8.893495667,-1.695524139,-9.362580414,-2.223027191,9.771108637,
8.903420667,-1.700763245,-9.354497223,-2.237996063,9.767693704,
8.913345667,-1.706152039,-9.357341309,-2.214494934,9.766001175,
8.923270667,-1.705852661,-9.362730103,-2.233954468,9.775540949,
8.933195667,-1.702260132,-9.370813293,-2.251168671,9.786602665,
8.943120667,-1.69896698,-9.397607574,-2.248623962,9.81110731,
8.953045667,-1.685794373,-9.406439209,-2.245181122,9.81650852,
8.962969667,-1.665736084,-9.420210571,-2.240840149,9.82529432,
8.972894667,-1.654359741,-9.429191895,-2.251917114,9.834515577,
8.982819667,-1.661844177,-9.407786407,-2.241588593,9.812894098,
8.992744667,-1.650767212,-9.398356018,-2.234104156,9.800272936,
9.002669667,-1.633553009,-9.383686523,-2.234104156,9.783316901,
9.012594667,-1.61349472,-9.375753021,-2.217039642,9.768488865,
9.022519667,-1.614243164,-9.405840454,-2.199675751,9.79357897,
9.032444667,-1.564097443,-9.444609833,-2.16000824,9.81390296,
9.042369667,-1.497186584,-9.47769104,-2.158361664,9.834974336,
9.052294667,-1.459614716,-9.492210846,-2.186952209,9.849634604,
9.062219667,-1.446741486,-9.49879715,-2.20326828,9.857717755,
9.072144667,-1.446292419,-9.516759796,-2.224524078,9.879726016,
9.082068667,-1.48835495,-9.514065399,-2.216440887,9.881561166,
9.091993667,-1.564845886,-9.480385437,-2.230511627,9.864159001,
9.101918667,-1.633253632,-9.461075592,-2.221230927,9.854609866,
9.111843667,-1.664688263,-9.446555786,-2.19623291,9.840327344,
9.121768667,-1.67441803,-9.440568237,-2.176024933,9.831738854,
9.131694292,-1.672172699,-9.440867615,-2.169738007,9.830254619,
9.141619292,-1.668430481,-9.446855164,-2.180964661,9.837852388,
9.151544292,-1.663939819,-9.444609833,-2.184706879,9.835766099,
9.161469292,-1.638941803,-9.419611816,-2.216590576,9.814707881,
9.171394292,-1.643282776,-9.390123138,-2.247276764,9.794133126,
9.181319292,-1.664388885,-9.363777924,-2.260149994,9.775418424,
9.191244292,-1.66498764,-9.358089752,-2.237996063,9.764970765,
9.201168292,-1.651815033,-9.366771698,-2.218985596,9.766719102,
9.211093292,-1.633852386,-9.384285278,-2.193388824,9.774724464,
9.221018292,-1.623673553,-9.409582672,-2.192640381,9.797154368,
9.230943292,-1.621278534,-9.419761505,-2.192191315,9.806434299,
9.240868292,-1.623972931,-9.432185669,-2.204316101,9.8215286,
9.250793292,-1.642534332,-9.429640961,-2.223775635,9.826557167,
9.260718292,-1.661844177,-9.410780182,-2.255359955,9.818918384,
9.270643292,-1.686393127,-9.396859131,-2.232158203,9.804458861,
9.280568292,-1.698667603,-9.391320648,-2.219584351,9.798414659,
9.290493292,-1.697470093,-9.394314423,-2.173629913,9.79077194,
9.300418292,-1.695524139,-9.389674072,-2.138752441,9.778294498,
9.310343292,-1.682501221,-9.404642944,-2.147733765,9.79238886,
9.320267292,-1.671723633,-9.423952789,-2.135758667,9.80647802,
9.330192292,-1.654060364,-9.436975708,-2.145039368,9.818025264,
9.340117292,-1.634301453,-9.45778244,-2.166145477,9.83934836,
9.350042292,-1.604962463,-9.456884308,-2.17991684,9.83669674,
9.359967292,-1.607058105,-9.449399872,-2.168091431,9.827228202,
9.369892292,-1.600471802,-9.44026886,-2.15881073,9.815327295,
9.379817292,-1.590891724,-9.424252167,-2.145189056,9.795371431,
9.389742292,-1.602118378,-9.45658493,-2.122735748,9.823430607,
9.399667292,-1.557062073,-9.531129913,-2.069745941,9.876777206,
9.409592292,-1.453627167,-9.572294312,-2.048490143,9.896371163,
9.419517292,-1.431622925,-9.556277618,-2.131717072,9.895261684,
9.429441292,-1.498982849,-9.464069366,-2.256557465,9.8441663,
9.439366292,-1.603914642,-9.394015045,-2.304158478,9.804550328,
9.449291292,-1.67202301,-9.398655396,-2.229613495,9.80314034,
9.459216292,-1.685644684,-9.433832245,-2.154769135,9.822505732,
9.469141292,-1.676214294,-9.521250458,-2.107467499,9.894711916,
9.479066292,-1.608704681,-9.586065674,-2.074685669,9.939059638,
9.488991292,-1.537901917,-9.572743378,-2.089205475,9.918030933,
9.498916292,-1.520687714,-9.52095108,-2.167642365,9.88229093,
9.508841292,-1.567989349,-9.459878082,-2.246977386,9.848694904,
9.518766292,-1.618733826,-9.431886292,-2.24772583,9.830211067,
9.528691292,-1.63460083,-9.41571991,-2.198328552,9.806138369,
9.538616292,-1.644629974,-9.408534851,-2.188748474,9.798773172,
9.548540292,-1.637295227,-9.392368469,-2.19743042,9.783967578,
9.558465292,-1.63460083,-9.358089752,-2.231709137,9.758395839,
9.568390292,-1.669328613,-9.338330841,-2.268682251,9.75387103,
9.578315292,-1.689386902,-9.323062592,-2.28634552,9.746840515,
9.588240292,-1.721270599,-9.321715393,-2.270777893,9.747491092,
9.598165292,-1.747615814,-9.364676056,-2.214794312,9.780420876,
9.608090292,-1.72471344,-9.426946564,-2.143991547,9.820318616,
9.618015292,-1.668280792,-9.494456177,-2.086511078,9.863132736,
9.627940292,-1.620679779,-9.505383453,-2.072889404,9.86284888,
9.637865292,-1.607207794,-9.476194153,-2.104324036,9.839184527,
9.647790292,-1.615141296,-9.421258392,-2.144889679,9.796394379,
9.657714292,-1.657652893,-9.40284668,-2.143243103,9.785439683,
9.667639292,-1.673669586,-9.403445435,-2.121089172,9.783914104,
9.677564292,-1.636397095,-9.387279053,-2.124382324,9.762776435,
9.687489292,-1.634750519,-9.36766983,-2.180216217,9.75597202,
9.697414292,-1.638941803,-9.358239441,-2.20326828,9.752803022,
9.707339292,-1.633253632,-9.380393372,-2.183209991,9.768608043,
9.717264292,-1.611548767,-9.418563995,-2.145189056,9.793276941,
9.727189292,-1.606609039,-9.445358276,-2.114951935,9.811677087,
9.737114292,-1.614841919,-9.4636203,-2.082170105,9.823607075,
9.747039292,-1.610201569,-9.470505981,-2.057621155,9.824308497,
9.756964292,-1.603764954,-9.472901001,-2.044897614,9.822908004,
9.766889292,-1.596130829,-9.461075592,-2.047891388,9.810883962,
9.776813292,-1.601519623,-9.450447693,-2.055974579,9.803206525,
9.786738292,-1.604812775,-9.432485046,-2.064656525,9.788258515,
9.796663292,-1.605112152,-9.433532867,-2.058968353,9.78811923,
9.806588292,-1.607357483,-9.445507965,-2.047442322,9.797613937,
9.816513292,-1.596879272,-9.482032013,-2.046693878,9.830966907,
9.826438292,-1.571282501,-9.524992676,-2.016307068,9.862043823,
9.836363292,-1.513802032,-9.583970032,-1.975891113,9.90193031,
9.846288292,-1.464255066,-9.620793457,-1.978435822,9.930655464,
9.856213292,-1.468745728,-9.616153107,-2.020947418,9.935383387,
9.866138292,-1.479223938,-9.555229797,-2.041005707,9.882116384,
9.876063292,-1.49539032,-9.468709717,-2.073787537,9.807815794,
9.885988292,-1.564247131,-9.381141815,-2.13890213,9.748209742,
9.895912292,-1.668729858,-9.307195587,-2.167941742,9.700954615,
9.905837292,-1.739832001,-9.303752747,-2.137554932,9.703400004,
9.915762292,-1.76677597,-9.343420258,-2.076481934,9.733076423,
